<dc>
	<title>#TITLE#</title>
	<creator>#CREATOR#</creator>
	<creator>
		<orgname>#CREATOR_ORGNAME#</orgname>
		<email>#CREATOR_EMAIL#</email>
	</creator>
	<publisher>#PUBLISHER#</publisher>
	<subject>
		<keywords>#SUBJECT_KEYWORDS#</keywords>
	</subject>
	<description>#DESCRIPTION#</description>
	<contributor>#CONTRIBUTOR#</contributor>
	<contributor>
		<modifiedby>#CONTRIBUTOR_MODIFIEDBY#</modifiedby>
	</contributor>
	<date>#DATE#</date>
	<date>
		<modified>#DATE_MODIFIED#</modified>
	</date>
	<type>#TYPE#</type>
	<type>
		<schema>#TYPE_SCHEMA#</schema>
	</type>
	<identifier>#IDENTIFIER#</identifier>
	<identifier>
		<hierarchy>#IDENTIFIER_HIERARCHY#</hierarchy>
	</identifier>
	<source>#SOURCE#</source>
	<source>
		<url>#SOURCE_URL#</url>
	</source>
	<language>#LANGUAGE#</language>
	<relation>
		<count>#RELATION_COUNT#</count>
	</relation>
	<relation>#RELATION_EXTERNAL_ENTITIES#</relation>
</dc>