<dc>
	<title>#PERSON_FULLNAME#</title>
	<person>
		<fullname>#PERSON_FULLNAME#</fullname>
		<title>#PERSON_TITLE#</title>
		<birthday>#PERSON_BIRTHDAY#</birthday>
		<birthplace>#PERSON_BIRTHPLACE#</birthplace>
		<orgname>#PERSON_ORGNAME#</orgname>
		<position>#PERSON_POSITION#</position>
		<email>#PERSON_EMAIL#</email>
		<url>#PERSON_URL#</url>
		<address>#PERSON_ADDRESS#</address>
		<phone>#PERSON_PHONE#</phone>
		<fax>#PERSON_FAX#</fax>
	</person>
	<publisher>#PUBLISHER#</publisher>
	<creator>#PUBLISHER#</creator>
	<description>
		<expertise>#DESCRIPTION_EXPERTISE#</expertise>
		<experience>#DESCRIPTION_EXPERIENCE#</experience>
		<education>#DESCRIPTION_EDUCATION#</education>
		<writing>#DESCRIPTION_WRITING#</writing>
		<interest>#DESCRIPTION_INTEREST#</interest>
	</description>
	<contributor>
		<modifiedby>#CONTRIBUTOR_MODIFIEDBY#</modifiedby>
	</contributor>
	<date>#DATE#</date>
	<date>
		<modified>#DATE_MODIFIED#</modified>
	</date>
	<type>#TYPE#</type>
	<type>
		<schema>dc_person</schema>
	</type>
	<identifier>#IDENTIFIER#</identifier>
	<identifier>
		<hierarchy>#IDENTIFIER_HIERARCHY#</hierarchy>
	</identifier>
	<relation>
		<count>#RELATION_COUNT#</count>
	</relation>
	<relation>#RELATION_EXTERNAL_ENTITIES#</relation>
</dc>